Name,Age,Gender,Income
Alice,-0.46106944597707344,0,-0.6022133709957033
Bob,1.3832083379312203,1,0.7875097928405351
Charlie,0.0,1,1.4823713747586542
David,-1.5676361163220496,0,-1.2970749529138226
Eva,0.6454972243679028,0,-0.37059284368966355
